architecture,transfers,trial,board_size,total_time_ms,average_latency_ms,throughput
TCP-IPC,100,1,64,5.436284,0.054362839999999996,18394.918293451927
SharedMemory,100,1,64,0.620193,0.00620193,161240.13008853694
TCP-IPC,100,2,64,4.999687,0.04999687,20001.252078380105
SharedMemory,100,2,64,0.738706,0.00738706,135371.85294284872
TCP-IPC,100,3,64,5.406486,0.05406486,18496.30240418638
SharedMemory,100,3,64,0.65732,0.0065732,152132.90330432667
TCP-IPC,100,4,64,4.617889,0.04617889,21654.916348140894
SharedMemory,100,4,64,0.651772,0.00651772,153427.8858251045
TCP-IPC,100,5,64,4.051654,0.040516540000000004,24681.278312511386
SharedMemory,100,5,64,0.663698,0.00663698,150670.93768551358
TCP-IPC,1000,1,64,27.062627,0.027062627,36951.32774804161
SharedMemory,1000,1,64,4.816099,0.004816099000000001,207636.92772926798
TCP-IPC,1000,2,64,26.846939,0.026846939,37248.194291349195
SharedMemory,1000,2,64,4.065179,0.0040651789999999995,245991.62792093537
TCP-IPC,1000,3,64,27.696463,0.027696463,36105.69335153012
SharedMemory,1000,3,64,4.246713,0.004246713,235476.23773963534
TCP-IPC,1000,4,64,27.003913,0.027003913,37031.67018794647
SharedMemory,1000,4,64,5.134288,0.005134288,194768.97283518183
TCP-IPC,1000,5,64,26.410451,0.026410450999999998,37863.7986909046
SharedMemory,1000,5,64,5.341886,0.005341886,187199.80171797003
TCP-IPC,10000,1,64,157.113422,0.015711342200000002,63648.28588610335
SharedMemory,10000,1,64,16.765158,0.0016765158,596475.1420773965
TCP-IPC,10000,2,64,153.103521,0.0153103521,65315.28429055528
SharedMemory,10000,2,64,13.213661,0.0013213661,756792.5346351779
TCP-IPC,10000,3,64,150.108734,0.0150108734,66618.37545042516
SharedMemory,10000,3,64,15.959447,0.0015959447,626588.126769054
TCP-IPC,10000,4,64,167.270933,0.016727093300000002,59783.24996848077
SharedMemory,10000,4,64,13.917638,0.0013917638,718512.7246447997
TCP-IPC,10000,5,64,160.198204,0.0160198204,62422.6723540546
SharedMemory,10000,5,64,22.053707,0.0022053707,453438.5080929932
TCP-IPC,100000,1,64,1183.207408,0.01183207408,84516.03609297214
SharedMemory,100000,1,64,48.754855,0.00048754855,2051077.7849713634
TCP-IPC,100000,2,64,1063.811338,0.01063811338,94001.63020259142
SharedMemory,100000,2,64,64.827144,0.00064827144,1542563.7137431197
TCP-IPC,100000,3,64,1038.312371,0.010383123709999999,96310.13054740922
SharedMemory,100000,3,64,50.457826,0.0005045782599999999,1981853.122249064
TCP-IPC,100000,4,64,1092.436958,0.010924369580000001,91538.4629453373
SharedMemory,100000,4,64,56.536833,0.00056536833,1768758.4304554164
TCP-IPC,100000,5,64,1104.006623,0.01104006623,90579.16675197336
SharedMemory,100000,5,64,52.321853,0.0005232185299999999,1911247.2947011264
TCP-IPC,1000000,1,64,9919.611949,0.009919611949,100810.3951184109
SharedMemory,1000000,1,64,314.243215,0.00031424321500000003,3182248.5013717795
TCP-IPC,1000000,2,64,9956.009186,0.009956009186,100441.85188239742
SharedMemory,1000000,2,64,324.014788,0.000324014788,3086278.8892215625
TCP-IPC,1000000,3,64,9819.784485,0.009819784485,101835.22882070666
SharedMemory,1000000,3,64,333.015881,0.000333015881,3002859.7945453543
TCP-IPC,1000000,4,64,10409.092538,0.010409092538,96069.85396174983
SharedMemory,1000000,4,64,342.938288,0.000342938288,2915976.532780732
TCP-IPC,1000000,5,64,10651.51561,0.01065151561,93883.35300012765
SharedMemory,1000000,5,64,339.373816,0.00033937381599999996,2946603.2818513024
